Area set;SEM-IDA3
Auction name;PWR-SEM-D
Auction date time;2023-05-06T13:00:00Z
FX rates
EUR;GBP;0,87466107
Market Area;NI-IDA3
Index prices;30;EUR
2023-05-06T16:00:00Z;2023-05-06T16:30:00Z;2023-05-06T17:00:00Z;2023-05-06T17:30:00Z;2023-05-06T18:00:00Z;2023-05-06T18:30:00Z;2023-05-06T19:00:00Z;2023-05-06T19:30:00Z;2023-05-06T20:00:00Z;2023-05-06T20:30:00Z;2023-05-06T21:00:00Z;2023-05-06T21:30:00Z
100,000;106,440;103,440;110,000;114,330;110,000;111,440;110,000;112,440;103,440;113,580;111,000
Index prices;30;GBP
2023-05-06T16:00:00Z;2023-05-06T16:30:00Z;2023-05-06T17:00:00Z;2023-05-06T17:30:00Z;2023-05-06T18:00:00Z;2023-05-06T18:30:00Z;2023-05-06T19:00:00Z;2023-05-06T19:30:00Z;2023-05-06T20:00:00Z;2023-05-06T20:30:00Z;2023-05-06T21:00:00Z;2023-05-06T21:30:00Z
87,466;93,099;90,475;96,213;100,000;96,213;97,472;96,213;98,347;90,475;99,344;97,087
Index volumes;30
2023-05-06T16:00:00Z;2023-05-06T16:30:00Z;2023-05-06T17:00:00Z;2023-05-06T17:30:00Z;2023-05-06T18:00:00Z;2023-05-06T18:30:00Z;2023-05-06T19:00:00Z;2023-05-06T19:30:00Z;2023-05-06T20:00:00Z;2023-05-06T20:30:00Z;2023-05-06T21:00:00Z;2023-05-06T21:30:00Z
8,0;9,6;11,1;11,1;15,2;13,7;12,6;11,1;5,8;4,9;10,4;10,3
Net position;30
2023-05-06T16:00:00Z;2023-05-06T16:30:00Z;2023-05-06T17:00:00Z;2023-05-06T17:30:00Z;2023-05-06T18:00:00Z;2023-05-06T18:30:00Z;2023-05-06T19:00:00Z;2023-05-06T19:30:00Z;2023-05-06T20:00:00Z;2023-05-06T20:30:00Z;2023-05-06T21:00:00Z;2023-05-06T21:30:00Z
-3,7;-5,5;-2,6;-2,6;-0,4;-5,3;-7,2;-2,7;-4,1;0,6;-9,4;-9,6
Default blocks;30;EUR
Block name
Block price
Block volume
Default blocks;30;GBP
Block name
Block price
Block volume
Market Area;ROI-IDA3
Index prices;30;EUR
2023-05-06T16:00:00Z;2023-05-06T16:30:00Z;2023-05-06T17:00:00Z;2023-05-06T17:30:00Z;2023-05-06T18:00:00Z;2023-05-06T18:30:00Z;2023-05-06T19:00:00Z;2023-05-06T19:30:00Z;2023-05-06T20:00:00Z;2023-05-06T20:30:00Z;2023-05-06T21:00:00Z;2023-05-06T21:30:00Z
100,000;106,440;103,440;110,000;114,330;110,000;111,440;110,000;112,440;103,440;113,580;111,000
Index prices;30;GBP
2023-05-06T16:00:00Z;2023-05-06T16:30:00Z;2023-05-06T17:00:00Z;2023-05-06T17:30:00Z;2023-05-06T18:00:00Z;2023-05-06T18:30:00Z;2023-05-06T19:00:00Z;2023-05-06T19:30:00Z;2023-05-06T20:00:00Z;2023-05-06T20:30:00Z;2023-05-06T21:00:00Z;2023-05-06T21:30:00Z
87,466;93,099;90,475;96,213;100,000;96,213;97,472;96,213;98,347;90,475;99,344;97,087
Index volumes;30
2023-05-06T16:00:00Z;2023-05-06T16:30:00Z;2023-05-06T17:00:00Z;2023-05-06T17:30:00Z;2023-05-06T18:00:00Z;2023-05-06T18:30:00Z;2023-05-06T19:00:00Z;2023-05-06T19:30:00Z;2023-05-06T20:00:00Z;2023-05-06T20:30:00Z;2023-05-06T21:00:00Z;2023-05-06T21:30:00Z
39,7;39,4;142,5;150,8;128,6;134,0;139,3;155,2;32,5;25,1;38,9;39,6
Net position;30
2023-05-06T16:00:00Z;2023-05-06T16:30:00Z;2023-05-06T17:00:00Z;2023-05-06T17:30:00Z;2023-05-06T18:00:00Z;2023-05-06T18:30:00Z;2023-05-06T19:00:00Z;2023-05-06T19:30:00Z;2023-05-06T20:00:00Z;2023-05-06T20:30:00Z;2023-05-06T21:00:00Z;2023-05-06T21:30:00Z
3,7;5,5;2,6;2,6;0,4;5,3;7,2;2,7;4,1;-0,6;9,4;9,6
Default blocks;30;EUR
Block name
Block price
Block volume
Default blocks;30;GBP
Block name
Block price
Block volume
Area;NI-SONI-IDA3
Prices;30;EUR
2023-05-06T16:00:00Z;2023-05-06T16:30:00Z;2023-05-06T17:00:00Z;2023-05-06T17:30:00Z;2023-05-06T18:00:00Z;2023-05-06T18:30:00Z;2023-05-06T19:00:00Z;2023-05-06T19:30:00Z;2023-05-06T20:00:00Z;2023-05-06T20:30:00Z;2023-05-06T21:00:00Z;2023-05-06T21:30:00Z
100,000;106,440;103,440;110,000;114,330;110,000;111,440;110,000;112,440;103,440;113,580;111,000
Prices;30;GBP
2023-05-06T16:00:00Z;2023-05-06T16:30:00Z;2023-05-06T17:00:00Z;2023-05-06T17:30:00Z;2023-05-06T18:00:00Z;2023-05-06T18:30:00Z;2023-05-06T19:00:00Z;2023-05-06T19:30:00Z;2023-05-06T20:00:00Z;2023-05-06T20:30:00Z;2023-05-06T21:00:00Z;2023-05-06T21:30:00Z
87,466;93,099;90,475;96,213;100,000;96,213;97,472;96,213;98,347;90,475;99,344;97,087
Net position;30
2023-05-06T16:00:00Z;2023-05-06T16:30:00Z;2023-05-06T17:00:00Z;2023-05-06T17:30:00Z;2023-05-06T18:00:00Z;2023-05-06T18:30:00Z;2023-05-06T19:00:00Z;2023-05-06T19:30:00Z;2023-05-06T20:00:00Z;2023-05-06T20:30:00Z;2023-05-06T21:00:00Z;2023-05-06T21:30:00Z
-3,70000;-5,50000;-2,60000;-2,60000;-0,40000;-5,30000;-7,20000;-2,70000;-4,10000;0,60000;-9,40000;-9,60000
Portfolio;ELSUPPLY;AU_500008;30;GBP
Linear order;ELSGRTE02API
2023-05-06T16:00:00Z;2023-05-06T16:30:00Z;2023-05-06T17:00:00Z;2023-05-06T17:30:00Z;2023-05-06T18:00:00Z;2023-05-06T18:30:00Z;2023-05-06T19:00:00Z;2023-05-06T19:30:00Z;2023-05-06T20:00:00Z;2023-05-06T20:30:00Z;2023-05-06T21:00:00Z;2023-05-06T21:30:00Z
-0,3;0;-0,2;0;0;0;0;0;0;0;0;0
40000050994034;;40000050994035;;;;;;;;;
Portfolio;BROOK;AU_500012;30;GBP
Linear order;BROFIEK01API
2023-05-06T16:00:00Z;2023-05-06T16:30:00Z;2023-05-06T17:00:00Z;2023-05-06T17:30:00Z;2023-05-06T18:00:00Z;2023-05-06T18:30:00Z;2023-05-06T19:00:00Z;2023-05-06T19:30:00Z;2023-05-06T20:00:00Z;2023-05-06T20:30:00Z;2023-05-06T21:00:00Z;2023-05-06T21:30:00Z
0;0;-0,1;-0,1;-0,1;-0,1;-0,1;-0,1;-0,1;-0,1;-0,1;0
;;40000051009002;40000051009003;40000051009004;40000051009005;40000051009006;40000051009007;40000051009008;40000051009009;40000051009010;
Portfolio;ROUTE;AU_500102;30;GBP
Linear order;ROUELEC01API
2023-05-06T16:00:00Z;2023-05-06T16:30:00Z;2023-05-06T17:00:00Z;2023-05-06T17:30:00Z;2023-05-06T18:00:00Z;2023-05-06T18:30:00Z;2023-05-06T19:00:00Z;2023-05-06T19:30:00Z;2023-05-06T20:00:00Z;2023-05-06T20:30:00Z;2023-05-06T21:00:00Z;2023-05-06T21:30:00Z
0;0;0;0;0;0;0;0;0;0;-0,1;0
;;;;;;;;;;40000051009849;
Portfolio;POWERIT;AU_500118;30;GBP
Linear order;POWERIT01API
2023-05-06T16:00:00Z;2023-05-06T16:30:00Z;2023-05-06T17:00:00Z;2023-05-06T17:30:00Z;2023-05-06T18:00:00Z;2023-05-06T18:30:00Z;2023-05-06T19:00:00Z;2023-05-06T19:30:00Z;2023-05-06T20:00:00Z;2023-05-06T20:30:00Z;2023-05-06T21:00:00Z;2023-05-06T21:30:00Z
0;1,6;0;0;1,6;0;1,6;0;1,6;0;1,6;1,6
;40000051007560;;;40000051007563;;40000051007565;;40000051007567;;40000051007569;40000051007570
Portfolio;NEXTKW;AU_500121;30;GBP
Linear order;NEXTKW-U1
2023-05-06T16:00:00Z;2023-05-06T16:30:00Z;2023-05-06T17:00:00Z;2023-05-06T17:30:00Z;2023-05-06T18:00:00Z;2023-05-06T18:30:00Z;2023-05-06T19:00:00Z;2023-05-06T19:30:00Z;2023-05-06T20:00:00Z;2023-05-06T20:30:00Z;2023-05-06T21:00:00Z;2023-05-06T21:30:00Z
0;0;0;0;0;0;0;0;0;0;0;0
;;;;;;;;;;;
Portfolio;RISQ;AU_500125;30;GBP
Linear order;RISQ01API
2023-05-06T16:00:00Z;2023-05-06T16:30:00Z;2023-05-06T17:00:00Z;2023-05-06T17:30:00Z;2023-05-06T18:00:00Z;2023-05-06T18:30:00Z;2023-05-06T19:00:00Z;2023-05-06T19:30:00Z;2023-05-06T20:00:00Z;2023-05-06T20:30:00Z;2023-05-06T21:00:00Z;2023-05-06T21:30:00Z
7,7;7,7;6,8;6,8;9,4;9,4;6,6;6,6;3,8;3,8;8,4;8,4
40000050948909;40000050948910;40000050948911;40000050948912;40000050948913;40000050948914;40000050948915;40000050948916;40000050948917;40000050948918;40000050948919;40000050948920
Portfolio;COPENER;AU_500126;30;GBP
Linear order;COPENER-U1
2023-05-06T16:00:00Z;2023-05-06T16:30:00Z;2023-05-06T17:00:00Z;2023-05-06T17:30:00Z;2023-05-06T18:00:00Z;2023-05-06T18:30:00Z;2023-05-06T19:00:00Z;2023-05-06T19:30:00Z;2023-05-06T20:00:00Z;2023-05-06T20:30:00Z;2023-05-06T21:00:00Z;2023-05-06T21:30:00Z
0;0;0;0;-9,5;0;0;0;0;0;0;0
;;;;40000051007659;;;;;;;
Portfolio;CENTRAD;DSU_501450;30;GBP
Linear order;CENIPAC01API
2023-05-06T16:00:00Z;2023-05-06T16:30:00Z;2023-05-06T17:00:00Z;2023-05-06T17:30:00Z;2023-05-06T18:00:00Z;2023-05-06T18:30:00Z;2023-05-06T19:00:00Z;2023-05-06T19:30:00Z;2023-05-06T20:00:00Z;2023-05-06T20:30:00Z;2023-05-06T21:00:00Z;2023-05-06T21:30:00Z
0;0;-4,0;-4,0;-4,0;-4,0;-4,0;-4,0;0;0;0;0
;;40000051005592;40000051005593;40000051005594;40000051005595;40000051005596;40000051005597;;;;
Portfolio;POWERNI;GU_500140;30;GBP
Linear order;POWERNI-U10
2023-05-06T16:00:00Z;2023-05-06T16:30:00Z;2023-05-06T17:00:00Z;2023-05-06T17:30:00Z;2023-05-06T18:00:00Z;2023-05-06T18:30:00Z;2023-05-06T19:00:00Z;2023-05-06T19:30:00Z;2023-05-06T20:00:00Z;2023-05-06T20:30:00Z;2023-05-06T21:00:00Z;2023-05-06T21:30:00Z
-4,0;-4,0;-4,0;-4,0;-1,0;-4,0;-1,0;-4,0;-1,0;-4,0;0;0
40000051005938;40000051005939;40000051005940;40000051005941;40000051005942;40000051005943;40000051005944;40000051005945;40000051005946;40000051005947;;
Scalable complex order;POWERNI-U10
2023-05-06T16:00:00Z;2023-05-06T16:30:00Z;2023-05-06T17:00:00Z;2023-05-06T17:30:00Z;2023-05-06T18:00:00Z;2023-05-06T18:30:00Z;2023-05-06T19:00:00Z;2023-05-06T19:30:00Z;2023-05-06T20:00:00Z;2023-05-06T20:30:00Z;2023-05-06T21:00:00Z;2023-05-06T21:30:00Z
0;0;0;0;0;0;0;0;0;0;0;0
;;;;;;;;;;;
Portfolio;ELSUPPLY;GU_501040;30;GBP
Linear order;ELSGRTE02API
2023-05-06T16:00:00Z;2023-05-06T16:30:00Z;2023-05-06T17:00:00Z;2023-05-06T17:30:00Z;2023-05-06T18:00:00Z;2023-05-06T18:30:00Z;2023-05-06T19:00:00Z;2023-05-06T19:30:00Z;2023-05-06T20:00:00Z;2023-05-06T20:30:00Z;2023-05-06T21:00:00Z;2023-05-06T21:30:00Z
0;-0,1;-0,2;0;0;0;0;0;0;0;0;0
;40000050993965;40000050993966;;;;;;;;;
Portfolio;ELSUPPLY;GU_501050;30;GBP
Linear order;ELSGRTE02API
2023-05-06T16:00:00Z;2023-05-06T16:30:00Z;2023-05-06T17:00:00Z;2023-05-06T17:30:00Z;2023-05-06T18:00:00Z;2023-05-06T18:30:00Z;2023-05-06T19:00:00Z;2023-05-06T19:30:00Z;2023-05-06T20:00:00Z;2023-05-06T20:30:00Z;2023-05-06T21:00:00Z;2023-05-06T21:30:00Z
0;0;0;0;0;0;0;0;-0,2;-0,2;0;0
;;;;;;;;40000050993967;40000050993968;;
Portfolio;ELSUPPLY;GU_501150;30;GBP
Linear order;ELSGRTE02API
2023-05-06T16:00:00Z;2023-05-06T16:30:00Z;2023-05-06T17:00:00Z;2023-05-06T17:30:00Z;2023-05-06T18:00:00Z;2023-05-06T18:30:00Z;2023-05-06T19:00:00Z;2023-05-06T19:30:00Z;2023-05-06T20:00:00Z;2023-05-06T20:30:00Z;2023-05-06T21:00:00Z;2023-05-06T21:30:00Z
0;0;0;-0,2;-0,2;-0,3;-0,3;-0,3;-0,3;-0,3;-0,4;-0,4
;;;40000050993969;40000050993970;40000050993971;40000050993972;40000050993973;40000050993974;40000050993975;40000050993976;40000050993977
Portfolio;ELSUPPLY;GU_501190;30;GBP
Linear order;ELSGRTE02API
2023-05-06T16:00:00Z;2023-05-06T16:30:00Z;2023-05-06T17:00:00Z;2023-05-06T17:30:00Z;2023-05-06T18:00:00Z;2023-05-06T18:30:00Z;2023-05-06T19:00:00Z;2023-05-06T19:30:00Z;2023-05-06T20:00:00Z;2023-05-06T20:30:00Z;2023-05-06T21:00:00Z;2023-05-06T21:30:00Z
0;0;0;0;0;0,2;0,3;0,4;0,4;0,4;0,4;0,3
;;;;;40000050993986;40000050993987;40000050993988;40000050993989;40000050993990;40000050993991;40000050993992
Portfolio;ELSUPPLY;GU_501440;30;GBP
Linear order;ELSGRTE02API
2023-05-06T16:00:00Z;2023-05-06T16:30:00Z;2023-05-06T17:00:00Z;2023-05-06T17:30:00Z;2023-05-06T18:00:00Z;2023-05-06T18:30:00Z;2023-05-06T19:00:00Z;2023-05-06T19:30:00Z;2023-05-06T20:00:00Z;2023-05-06T20:30:00Z;2023-05-06T21:00:00Z;2023-05-06T21:30:00Z
0;0;0;-0,2;0;0;0;0;-0,1;-0,3;-0,4;-0,3
;;;40000050994005;;;;;40000050994006;40000050994007;40000050994008;40000050994009
Portfolio;CENTRAD;SU_500085;30;GBP
Linear order;CENIPAC01API
2023-05-06T16:00:00Z;2023-05-06T16:30:00Z;2023-05-06T17:00:00Z;2023-05-06T17:30:00Z;2023-05-06T18:00:00Z;2023-05-06T18:30:00Z;2023-05-06T19:00:00Z;2023-05-06T19:30:00Z;2023-05-06T20:00:00Z;2023-05-06T20:30:00Z;2023-05-06T21:00:00Z;2023-05-06T21:30:00Z
0;0;4,0;4,0;4,0;4,0;4,0;4,0;0;0;0;0
;;40000051005760;40000051005761;40000051005762;40000051005763;40000051005764;40000051005765;;;;
Portfolio;POWERIT;SU_500095;30;GBP
Linear order;POWERIT01API
2023-05-06T16:00:00Z;2023-05-06T16:30:00Z;2023-05-06T17:00:00Z;2023-05-06T17:30:00Z;2023-05-06T18:00:00Z;2023-05-06T18:30:00Z;2023-05-06T19:00:00Z;2023-05-06T19:30:00Z;2023-05-06T20:00:00Z;2023-05-06T20:30:00Z;2023-05-06T21:00:00Z;2023-05-06T21:30:00Z
0,3;0,3;0,3;0,3;0,2;0,1;0,1;0,1;0;0,1;0;0
40000051007571;40000051007572;40000051007573;40000051007574;40000051007575;40000051007576;40000051007577;40000051007578;;40000051007580;;
Area;ROI-EIRGRID-IDA3
Prices;30;EUR
2023-05-06T16:00:00Z;2023-05-06T16:30:00Z;2023-05-06T17:00:00Z;2023-05-06T17:30:00Z;2023-05-06T18:00:00Z;2023-05-06T18:30:00Z;2023-05-06T19:00:00Z;2023-05-06T19:30:00Z;2023-05-06T20:00:00Z;2023-05-06T20:30:00Z;2023-05-06T21:00:00Z;2023-05-06T21:30:00Z
100,000;106,440;103,440;110,000;114,330;110,000;111,440;110,000;112,440;103,440;113,580;111,000
Prices;30;GBP
2023-05-06T16:00:00Z;2023-05-06T16:30:00Z;2023-05-06T17:00:00Z;2023-05-06T17:30:00Z;2023-05-06T18:00:00Z;2023-05-06T18:30:00Z;2023-05-06T19:00:00Z;2023-05-06T19:30:00Z;2023-05-06T20:00:00Z;2023-05-06T20:30:00Z;2023-05-06T21:00:00Z;2023-05-06T21:30:00Z
87,466;93,099;90,475;96,213;100,000;96,213;97,472;96,213;98,347;90,475;99,344;97,087
Net position;30
2023-05-06T16:00:00Z;2023-05-06T16:30:00Z;2023-05-06T17:00:00Z;2023-05-06T17:30:00Z;2023-05-06T18:00:00Z;2023-05-06T18:30:00Z;2023-05-06T19:00:00Z;2023-05-06T19:30:00Z;2023-05-06T20:00:00Z;2023-05-06T20:30:00Z;2023-05-06T21:00:00Z;2023-05-06T21:30:00Z
3,70000;5,50000;2,60000;2,60000;0,40000;5,30000;7,20000;2,70000;4,10000;-0,60000;9,40000;9,60000
Portfolio;DANSKE;AU_400003;30;EUR
Linear order;DANSKE-U1
2023-05-06T16:00:00Z;2023-05-06T16:30:00Z;2023-05-06T17:00:00Z;2023-05-06T17:30:00Z;2023-05-06T18:00:00Z;2023-05-06T18:30:00Z;2023-05-06T19:00:00Z;2023-05-06T19:30:00Z;2023-05-06T20:00:00Z;2023-05-06T20:30:00Z;2023-05-06T21:00:00Z;2023-05-06T21:30:00Z
5,0;5,0;5,0;5,0;5,0;4,0;5,0;4,0;5,0;4,0;5,0;5,0
40000051009324;40000051009325;40000051009326;40000051009327;40000051009328;40000051009329;40000051009330;40000051009331;40000051009332;40000051009333;40000051009334;40000051009335
Portfolio;NORDJYSK;AU_400006;30;EUR
Linear order;NORDJYSK-U1
2023-05-06T16:00:00Z;2023-05-06T16:30:00Z;2023-05-06T17:00:00Z;2023-05-06T17:30:00Z;2023-05-06T18:00:00Z;2023-05-06T18:30:00Z;2023-05-06T19:00:00Z;2023-05-06T19:30:00Z;2023-05-06T20:00:00Z;2023-05-06T20:30:00Z;2023-05-06T21:00:00Z;2023-05-06T21:30:00Z
0;0;0;0;0;0;0;0;0;0;0;0
;;;;;;;;;;;
Portfolio;ELSUPPLY;AU_400008;30;EUR
Linear order;ELSGRTE02API
2023-05-06T16:00:00Z;2023-05-06T16:30:00Z;2023-05-06T17:00:00Z;2023-05-06T17:30:00Z;2023-05-06T18:00:00Z;2023-05-06T18:30:00Z;2023-05-06T19:00:00Z;2023-05-06T19:30:00Z;2023-05-06T20:00:00Z;2023-05-06T20:30:00Z;2023-05-06T21:00:00Z;2023-05-06T21:30:00Z
-0,2;0;0;0;0;0;0;0;0;-0,2;-0,3;-0,3
40000050994030;;;;;;;;;40000050994031;40000050994032;40000050994033
Portfolio;MFT;AU_400011;30;EUR
Linear order;MFT-U1
2023-05-06T16:00:00Z;2023-05-06T16:30:00Z;2023-05-06T17:00:00Z;2023-05-06T17:30:00Z;2023-05-06T18:00:00Z;2023-05-06T18:30:00Z;2023-05-06T19:00:00Z;2023-05-06T19:30:00Z;2023-05-06T20:00:00Z;2023-05-06T20:30:00Z;2023-05-06T21:00:00Z;2023-05-06T21:30:00Z
0;0;0;0;0;0;0;0;0;0;0;0
;;;;;;;;;;;
Portfolio;EROVA;AU_400014;30;EUR
Linear order;EROVA-U4
2023-05-06T16:00:00Z;2023-05-06T16:30:00Z;2023-05-06T17:00:00Z;2023-05-06T17:30:00Z;2023-05-06T18:00:00Z;2023-05-06T18:30:00Z;2023-05-06T19:00:00Z;2023-05-06T19:30:00Z;2023-05-06T20:00:00Z;2023-05-06T20:30:00Z;2023-05-06T21:00:00Z;2023-05-06T21:30:00Z
0;0;0;21,5;0;0,7;0;24,4;0;0;0;0
;;;40000051009866;;40000051009868;;40000051009870;;;;
Portfolio;BROOK;AU_400015;30;EUR
Linear order;BROFIEK01API
2023-05-06T16:00:00Z;2023-05-06T16:30:00Z;2023-05-06T17:00:00Z;2023-05-06T17:30:00Z;2023-05-06T18:00:00Z;2023-05-06T18:30:00Z;2023-05-06T19:00:00Z;2023-05-06T19:30:00Z;2023-05-06T20:00:00Z;2023-05-06T20:30:00Z;2023-05-06T21:00:00Z;2023-05-06T21:30:00Z
-0,5;-0,4;-0,5;-0,5;-0,5;-0,2;-0,2;-0,2;-0,1;0;0,1;0,1
40000051009012;40000051009013;40000051009014;40000051009015;40000051009016;40000051009017;40000051009018;40000051009019;40000051009020;;40000051009022;40000051009023
Portfolio;FIELD;AU_400017;30;EUR
Linear order;FIELDLI01API
2023-05-06T16:00:00Z;2023-05-06T16:30:00Z;2023-05-06T17:00:00Z;2023-05-06T17:30:00Z;2023-05-06T18:00:00Z;2023-05-06T18:30:00Z;2023-05-06T19:00:00Z;2023-05-06T19:30:00Z;2023-05-06T20:00:00Z;2023-05-06T20:30:00Z;2023-05-06T21:00:00Z;2023-05-06T21:30:00Z
-0,4;-0,5;-0,5;-0,4;-0,4;-0,2;-0,1;0;0,1;0,2;0,2;0,2
40000051009732;40000051009733;40000051009734;40000051009735;40000051009736;40000051009737;40000051009738;;40000051009740;40000051009741;40000051009742;40000051009743
Portfolio;ROUTE;AU_400020;30;EUR
Linear order;ROUELEC01API
2023-05-06T16:00:00Z;2023-05-06T16:30:00Z;2023-05-06T17:00:00Z;2023-05-06T17:30:00Z;2023-05-06T18:00:00Z;2023-05-06T18:30:00Z;2023-05-06T19:00:00Z;2023-05-06T19:30:00Z;2023-05-06T20:00:00Z;2023-05-06T20:30:00Z;2023-05-06T21:00:00Z;2023-05-06T21:30:00Z
0;0;0;0;0;0,2;2,0;0;0;0;0;-0,9
;;;;;40000051009808;40000051009809;;;;;40000051009814
Portfolio;ROUTE;AU_400100;30;EUR
Linear order;ROUELEC01API
2023-05-06T16:00:00Z;2023-05-06T16:30:00Z;2023-05-06T17:00:00Z;2023-05-06T17:30:00Z;2023-05-06T18:00:00Z;2023-05-06T18:30:00Z;2023-05-06T19:00:00Z;2023-05-06T19:30:00Z;2023-05-06T20:00:00Z;2023-05-06T20:30:00Z;2023-05-06T21:00:00Z;2023-05-06T21:30:00Z
0;0;0;1,3;2,5;2,6;2,7;2,0;3,9;0;0,8;0
;;;40000051009818;40000051009819;40000051009820;40000051009821;40000051009822;40000051009823;;40000051009825;
Portfolio;CENERGI;AU_400103;30;EUR
Linear order;CENERGI01API
2023-05-06T16:00:00Z;2023-05-06T16:30:00Z;2023-05-06T17:00:00Z;2023-05-06T17:30:00Z;2023-05-06T18:00:00Z;2023-05-06T18:30:00Z;2023-05-06T19:00:00Z;2023-05-06T19:30:00Z;2023-05-06T20:00:00Z;2023-05-06T20:30:00Z;2023-05-06T21:00:00Z;2023-05-06T21:30:00Z
15,0;12,3;0,2;-10,0;0;-10,0;-17,5;-25,0;-17,4;-1,0;-25,0;-25,0
40000051009791;40000051009792;40000051009793;40000051009794;;40000051009796;40000051009797;40000051009798;40000051009799;40000051009800;40000051009801;40000051009802
Portfolio;PREPAY;AU_400105;30;EUR
Linear order;PREPAY-U2
2023-05-06T16:00:00Z;2023-05-06T16:30:00Z;2023-05-06T17:00:00Z;2023-05-06T17:30:00Z;2023-05-06T18:00:00Z;2023-05-06T18:30:00Z;2023-05-06T19:00:00Z;2023-05-06T19:30:00Z;2023-05-06T20:00:00Z;2023-05-06T20:30:00Z;2023-05-06T21:00:00Z;2023-05-06T21:30:00Z
-2,1;-10,0;-10,0;-10,0;0;0;0;-10,0;0;-10,0;0;0
40000051009264;40000051009265;40000051009266;40000051009267;;;;40000051009271;;40000051009273;;
Portfolio;BROOK;AU_400106;30;EUR
Linear order;BROOK-U7
2023-05-06T16:00:00Z;2023-05-06T16:30:00Z;2023-05-06T17:00:00Z;2023-05-06T17:30:00Z;2023-05-06T18:00:00Z;2023-05-06T18:30:00Z;2023-05-06T19:00:00Z;2023-05-06T19:30:00Z;2023-05-06T20:00:00Z;2023-05-06T20:30:00Z;2023-05-06T21:00:00Z;2023-05-06T21:30:00Z
0;0;0;0;0;0;0;0;0;0;0;0
;;;;;;;;;;;
Portfolio;STATKMKT;AU_400110;30;EUR
Linear order;STATKMKT01API
2023-05-06T16:00:00Z;2023-05-06T16:30:00Z;2023-05-06T17:00:00Z;2023-05-06T17:30:00Z;2023-05-06T18:00:00Z;2023-05-06T18:30:00Z;2023-05-06T19:00:00Z;2023-05-06T19:30:00Z;2023-05-06T20:00:00Z;2023-05-06T20:30:00Z;2023-05-06T21:00:00Z;2023-05-06T21:30:00Z
5,7;5,5;5,5;6,5;7,2;8,1;8,6;8,7;9,0;10,3;11,2;11,0
40000051007266;40000051007267;40000051007268;40000051007269;40000051007270;40000051007271;40000051007272;40000051007273;40000051007274;40000051007275;40000051007276;40000051007277
Portfolio;GREENPRK;AU_400116;30;EUR
Linear order;GREENPRK01API
2023-05-06T16:00:00Z;2023-05-06T16:30:00Z;2023-05-06T17:00:00Z;2023-05-06T17:30:00Z;2023-05-06T18:00:00Z;2023-05-06T18:30:00Z;2023-05-06T19:00:00Z;2023-05-06T19:30:00Z;2023-05-06T20:00:00Z;2023-05-06T20:30:00Z;2023-05-06T21:00:00Z;2023-05-06T21:30:00Z
0;0;0;0;0;0;0;0;0;0;0;0
;;;;;;;;;;;
Portfolio;SSE;AU_400119;30;EUR
Linear order;SSE-U14
2023-05-06T16:00:00Z;2023-05-06T16:30:00Z;2023-05-06T17:00:00Z;2023-05-06T17:30:00Z;2023-05-06T18:00:00Z;2023-05-06T18:30:00Z;2023-05-06T19:00:00Z;2023-05-06T19:30:00Z;2023-05-06T20:00:00Z;2023-05-06T20:30:00Z;2023-05-06T21:00:00Z;2023-05-06T21:30:00Z
0;0;0;0;0;0;0;0;0;0;0;0
;;;;;;;;;;;
Portfolio;ROUTE;AU_400120;30;EUR
Linear order;ROUELEC01API
2023-05-06T16:00:00Z;2023-05-06T16:30:00Z;2023-05-06T17:00:00Z;2023-05-06T17:30:00Z;2023-05-06T18:00:00Z;2023-05-06T18:30:00Z;2023-05-06T19:00:00Z;2023-05-06T19:30:00Z;2023-05-06T20:00:00Z;2023-05-06T20:30:00Z;2023-05-06T21:00:00Z;2023-05-06T21:30:00Z
0;0;0;0;0;0;0;0;0;0;0;0
;;;;;;;;;;;
Portfolio;BROOK;AU_400129;30;EUR
Linear order;BROFIEK01API
2023-05-06T16:00:00Z;2023-05-06T16:30:00Z;2023-05-06T17:00:00Z;2023-05-06T17:30:00Z;2023-05-06T18:00:00Z;2023-05-06T18:30:00Z;2023-05-06T19:00:00Z;2023-05-06T19:30:00Z;2023-05-06T20:00:00Z;2023-05-06T20:30:00Z;2023-05-06T21:00:00Z;2023-05-06T21:30:00Z
-0,4;-0,3;-0,3;-0,3;-0,3;-0,3;-0,4;-0,2;-0,2;-0,2;-0,1;0
40000051009024;40000051009025;40000051009026;40000051009027;40000051009028;40000051009029;40000051009030;40000051009031;40000051009032;40000051009033;40000051009034;
Portfolio;BROOK;AU_400130;30;EUR
Linear order;BROFIEK01API
2023-05-06T16:00:00Z;2023-05-06T16:30:00Z;2023-05-06T17:00:00Z;2023-05-06T17:30:00Z;2023-05-06T18:00:00Z;2023-05-06T18:30:00Z;2023-05-06T19:00:00Z;2023-05-06T19:30:00Z;2023-05-06T20:00:00Z;2023-05-06T20:30:00Z;2023-05-06T21:00:00Z;2023-05-06T21:30:00Z
-1,1;-1,2;-1,2;-1,0;-0,7;-0,2;-0,1;-0,3;-0,3;0,1;0,4;0,4
40000051009036;40000051009037;40000051009038;40000051009039;40000051009040;40000051009041;40000051009042;40000051009043;40000051009044;40000051009045;40000051009046;40000051009047
Portfolio;KRIA;AU_400137;30;EUR
Linear order;KRIA-U1
2023-05-06T16:00:00Z;2023-05-06T16:30:00Z;2023-05-06T17:00:00Z;2023-05-06T17:30:00Z;2023-05-06T18:00:00Z;2023-05-06T18:30:00Z;2023-05-06T19:00:00Z;2023-05-06T19:30:00Z;2023-05-06T20:00:00Z;2023-05-06T20:30:00Z;2023-05-06T21:00:00Z;2023-05-06T21:30:00Z
0;0;0;0;0;0;0;0;0;0;0;0
;;;;;;;;;;;
Portfolio;CONVEX;AU_400139;30;EUR
Linear order;CONVEX-U1
2023-05-06T16:00:00Z;2023-05-06T16:30:00Z;2023-05-06T17:00:00Z;2023-05-06T17:30:00Z;2023-05-06T18:00:00Z;2023-05-06T18:30:00Z;2023-05-06T19:00:00Z;2023-05-06T19:30:00Z;2023-05-06T20:00:00Z;2023-05-06T20:30:00Z;2023-05-06T21:00:00Z;2023-05-06T21:30:00Z
0;0;15,0;0;0;0;0;0;0;0;0;0
;;40000051007669;;;;;;;;;
Portfolio;CENTRAD;DSU_401270;30;EUR
Linear order;CENIPAC01API
2023-05-06T16:00:00Z;2023-05-06T16:30:00Z;2023-05-06T17:00:00Z;2023-05-06T17:30:00Z;2023-05-06T18:00:00Z;2023-05-06T18:30:00Z;2023-05-06T19:00:00Z;2023-05-06T19:30:00Z;2023-05-06T20:00:00Z;2023-05-06T20:30:00Z;2023-05-06T21:00:00Z;2023-05-06T21:30:00Z
0;0;-33,7;-33,7;-33,7;-33,7;-33,7;-33,7;0;0;0;0
;;40000051005436;40000051005437;40000051005438;40000051005439;40000051005440;40000051005441;;;;
Portfolio;CENTRAD;DSU_401610;30;EUR
Linear order;CENIPAC01API
2023-05-06T16:00:00Z;2023-05-06T16:30:00Z;2023-05-06T17:00:00Z;2023-05-06T17:30:00Z;2023-05-06T18:00:00Z;2023-05-06T18:30:00Z;2023-05-06T19:00:00Z;2023-05-06T19:30:00Z;2023-05-06T20:00:00Z;2023-05-06T20:30:00Z;2023-05-06T21:00:00Z;2023-05-06T21:30:00Z
-6,0;-6,0;-6,0;-6,0;-6,0;-6,0;-6,0;-6,0;-6,0;-6,0;-6,0;-6,0
40000051005446;40000051005447;40000051005448;40000051005449;40000051005450;40000051005451;40000051005452;40000051005453;40000051005454;40000051005455;40000051005456;40000051005457
Portfolio;CENTRAD;DSU_401620;30;EUR
Linear order;CENIPAC01API
2023-05-06T16:00:00Z;2023-05-06T16:30:00Z;2023-05-06T17:00:00Z;2023-05-06T17:30:00Z;2023-05-06T18:00:00Z;2023-05-06T18:30:00Z;2023-05-06T19:00:00Z;2023-05-06T19:30:00Z;2023-05-06T20:00:00Z;2023-05-06T20:30:00Z;2023-05-06T21:00:00Z;2023-05-06T21:30:00Z
0;0;-6,2;-6,2;-6,2;-6,2;-6,2;-6,2;0;0;0;0
;;40000051005460;40000051005461;40000051005462;40000051005463;40000051005464;40000051005465;;;;
Portfolio;CENTRAD;DSU_401800;30;EUR
Linear order;CENIPAC01API
2023-05-06T16:00:00Z;2023-05-06T16:30:00Z;2023-05-06T17:00:00Z;2023-05-06T17:30:00Z;2023-05-06T18:00:00Z;2023-05-06T18:30:00Z;2023-05-06T19:00:00Z;2023-05-06T19:30:00Z;2023-05-06T20:00:00Z;2023-05-06T20:30:00Z;2023-05-06T21:00:00Z;2023-05-06T21:30:00Z
0;0;-6,7;-6,7;-6,7;-6,7;-6,7;-6,7;0;0;0;0
;;40000051005472;40000051005473;40000051005474;40000051005475;40000051005476;40000051005477;;;;
Portfolio;CENTRAD;DSU_401850;30;EUR
Linear order;CENIPAC01API
2023-05-06T16:00:00Z;2023-05-06T16:30:00Z;2023-05-06T17:00:00Z;2023-05-06T17:30:00Z;2023-05-06T18:00:00Z;2023-05-06T18:30:00Z;2023-05-06T19:00:00Z;2023-05-06T19:30:00Z;2023-05-06T20:00:00Z;2023-05-06T20:30:00Z;2023-05-06T21:00:00Z;2023-05-06T21:30:00Z
0;0;-6,4;-6,4;-6,4;-6,4;-6,4;-6,4;0;0;0;0
;;40000051005484;40000051005485;40000051005486;40000051005487;40000051005488;40000051005489;;;;
Portfolio;CENTRAD;DSU_403020;30;EUR
Linear order;CENIPAC01API
2023-05-06T16:00:00Z;2023-05-06T16:30:00Z;2023-05-06T17:00:00Z;2023-05-06T17:30:00Z;2023-05-06T18:00:00Z;2023-05-06T18:30:00Z;2023-05-06T19:00:00Z;2023-05-06T19:30:00Z;2023-05-06T20:00:00Z;2023-05-06T20:30:00Z;2023-05-06T21:00:00Z;2023-05-06T21:30:00Z
0;0;-6,7;-6,7;-6,7;-6,7;-6,7;-6,7;0;0;0;0
;;40000051005496;40000051005497;40000051005498;40000051005499;40000051005500;40000051005501;;;;
Portfolio;CENTRAD;DSU_403030;30;EUR
Linear order;CENIPAC01API
2023-05-06T16:00:00Z;2023-05-06T16:30:00Z;2023-05-06T17:00:00Z;2023-05-06T17:30:00Z;2023-05-06T18:00:00Z;2023-05-06T18:30:00Z;2023-05-06T19:00:00Z;2023-05-06T19:30:00Z;2023-05-06T20:00:00Z;2023-05-06T20:30:00Z;2023-05-06T21:00:00Z;2023-05-06T21:30:00Z
0;0;-6,7;-6,7;-6,7;-6,7;-6,7;-6,7;0;0;0;0
;;40000051005508;40000051005509;40000051005510;40000051005511;40000051005512;40000051005513;;;;
Portfolio;CENTRAD;DSU_403040;30;EUR
Linear order;CENIPAC01API
2023-05-06T16:00:00Z;2023-05-06T16:30:00Z;2023-05-06T17:00:00Z;2023-05-06T17:30:00Z;2023-05-06T18:00:00Z;2023-05-06T18:30:00Z;2023-05-06T19:00:00Z;2023-05-06T19:30:00Z;2023-05-06T20:00:00Z;2023-05-06T20:30:00Z;2023-05-06T21:00:00Z;2023-05-06T21:30:00Z
0;0;-6,7;-6,7;-6,7;-6,7;-6,7;-6,7;0;0;0;0
;;40000051005520;40000051005521;40000051005522;40000051005523;40000051005524;40000051005525;;;;
Portfolio;CENTRAD;DSU_403050;30;EUR
Linear order;CENIPAC01API
2023-05-06T16:00:00Z;2023-05-06T16:30:00Z;2023-05-06T17:00:00Z;2023-05-06T17:30:00Z;2023-05-06T18:00:00Z;2023-05-06T18:30:00Z;2023-05-06T19:00:00Z;2023-05-06T19:30:00Z;2023-05-06T20:00:00Z;2023-05-06T20:30:00Z;2023-05-06T21:00:00Z;2023-05-06T21:30:00Z
0;0;-6,7;-6,7;-6,7;-6,7;-6,7;-6,7;0;0;0;0
;;40000051005532;40000051005533;40000051005534;40000051005535;40000051005536;40000051005537;;;;
Portfolio;CENTRAD;DSU_403080;30;EUR
Linear order;CENIPAC01API
2023-05-06T16:00:00Z;2023-05-06T16:30:00Z;2023-05-06T17:00:00Z;2023-05-06T17:30:00Z;2023-05-06T18:00:00Z;2023-05-06T18:30:00Z;2023-05-06T19:00:00Z;2023-05-06T19:30:00Z;2023-05-06T20:00:00Z;2023-05-06T20:30:00Z;2023-05-06T21:00:00Z;2023-05-06T21:30:00Z
0;0;-3,3;-3,3;-3,3;-3,3;-3,3;-3,3;0;0;0;0
;;40000051005544;40000051005545;40000051005546;40000051005547;40000051005548;40000051005549;;;;
Portfolio;CENTRAD;DSU_403120;30;EUR
Linear order;CENIPAC01API
2023-05-06T16:00:00Z;2023-05-06T16:30:00Z;2023-05-06T17:00:00Z;2023-05-06T17:30:00Z;2023-05-06T18:00:00Z;2023-05-06T18:30:00Z;2023-05-06T19:00:00Z;2023-05-06T19:30:00Z;2023-05-06T20:00:00Z;2023-05-06T20:30:00Z;2023-05-06T21:00:00Z;2023-05-06T21:30:00Z
0;0;-4,4;-4,4;-4,4;-4,4;-4,4;-4,4;0;0;0;0
;;40000051005556;40000051005557;40000051005558;40000051005559;40000051005560;40000051005561;;;;
Portfolio;CENTRAD;DSU_403450;30;EUR
Linear order;CENIPAC01API
2023-05-06T16:00:00Z;2023-05-06T16:30:00Z;2023-05-06T17:00:00Z;2023-05-06T17:30:00Z;2023-05-06T18:00:00Z;2023-05-06T18:30:00Z;2023-05-06T19:00:00Z;2023-05-06T19:30:00Z;2023-05-06T20:00:00Z;2023-05-06T20:30:00Z;2023-05-06T21:00:00Z;2023-05-06T21:30:00Z
0;0;-10,0;-10,0;-10,0;-10,0;-10,0;-10,0;0;0;0;0
;;40000051005568;40000051005569;40000051005570;40000051005571;40000051005572;40000051005573;;;;
Portfolio;CENTRAD;DSU_403470;30;EUR
Linear order;CENIPAC01API
2023-05-06T16:00:00Z;2023-05-06T16:30:00Z;2023-05-06T17:00:00Z;2023-05-06T17:30:00Z;2023-05-06T18:00:00Z;2023-05-06T18:30:00Z;2023-05-06T19:00:00Z;2023-05-06T19:30:00Z;2023-05-06T20:00:00Z;2023-05-06T20:30:00Z;2023-05-06T21:00:00Z;2023-05-06T21:30:00Z
0;0;-6,7;-6,7;-6,7;-6,7;-6,7;-6,7;0;0;0;0
;;40000051005580;40000051005581;40000051005582;40000051005583;40000051005584;40000051005585;;;;
Portfolio;ELSUPPLY;GU_400470;30;EUR
Linear order;ELSGRTE02API
2023-05-06T16:00:00Z;2023-05-06T16:30:00Z;2023-05-06T17:00:00Z;2023-05-06T17:30:00Z;2023-05-06T18:00:00Z;2023-05-06T18:30:00Z;2023-05-06T19:00:00Z;2023-05-06T19:30:00Z;2023-05-06T20:00:00Z;2023-05-06T20:30:00Z;2023-05-06T21:00:00Z;2023-05-06T21:30:00Z
0;-0,2;-0,2;0;-0,2;0;-0,2;0;-0,2;-0,4;-0,5;-0,5
;40000050993940;40000050993941;;40000050993942;;40000050993943;;40000050993944;40000050993945;40000050993946;40000050993947
Portfolio;BROOK;GU_400550;30;EUR
Linear order;BROFIEK01API
2023-05-06T16:00:00Z;2023-05-06T16:30:00Z;2023-05-06T17:00:00Z;2023-05-06T17:30:00Z;2023-05-06T18:00:00Z;2023-05-06T18:30:00Z;2023-05-06T19:00:00Z;2023-05-06T19:30:00Z;2023-05-06T20:00:00Z;2023-05-06T20:30:00Z;2023-05-06T21:00:00Z;2023-05-06T21:30:00Z
-0,1;0;0,1;-0,1;0;0,1;0,2;0,2;0,1;0,1;0,1;0
40000051009048;;40000051009050;40000051009051;;40000051009053;40000051009054;40000051009055;40000051009056;40000051009057;40000051009058;
Portfolio;ELSUPPLY;GU_400620;30;EUR
Linear order;ELSGRTE02API
2023-05-06T16:00:00Z;2023-05-06T16:30:00Z;2023-05-06T17:00:00Z;2023-05-06T17:30:00Z;2023-05-06T18:00:00Z;2023-05-06T18:30:00Z;2023-05-06T19:00:00Z;2023-05-06T19:30:00Z;2023-05-06T20:00:00Z;2023-05-06T20:30:00Z;2023-05-06T21:00:00Z;2023-05-06T21:30:00Z
0;0,2;0;0,2;0;0;0;0;0;0;-0,2;-0,3
;40000050993978;;40000050993979;;;;;;;40000050993980;40000050993981
Portfolio;BROOK;GU_400730;30;EUR
Linear order;BROFIEK01API
2023-05-06T16:00:00Z;2023-05-06T16:30:00Z;2023-05-06T17:00:00Z;2023-05-06T17:30:00Z;2023-05-06T18:00:00Z;2023-05-06T18:30:00Z;2023-05-06T19:00:00Z;2023-05-06T19:30:00Z;2023-05-06T20:00:00Z;2023-05-06T20:30:00Z;2023-05-06T21:00:00Z;2023-05-06T21:30:00Z
0;-0,1;0;0;0;0,1;0,1;0;0,1;0,1;0,1;0,1
;40000051009061;;;;40000051009065;40000051009066;;40000051009068;40000051009069;40000051009070;40000051009071
Portfolio;BROOK;GU_400731;30;EUR
Linear order;BROFIEK01API
2023-05-06T16:00:00Z;2023-05-06T16:30:00Z;2023-05-06T17:00:00Z;2023-05-06T17:30:00Z;2023-05-06T18:00:00Z;2023-05-06T18:30:00Z;2023-05-06T19:00:00Z;2023-05-06T19:30:00Z;2023-05-06T20:00:00Z;2023-05-06T20:30:00Z;2023-05-06T21:00:00Z;2023-05-06T21:30:00Z
-0,4;-0,5;-0,4;-0,2;-0,1;0,1;0,2;0,1;0,2;0,1;0,2;0,3
40000051009072;40000051009073;40000051009074;40000051009075;40000051009076;40000051009077;40000051009078;40000051009079;40000051009080;40000051009081;40000051009082;40000051009083
Portfolio;SSE;GU_400762;30;EUR
Linear order;SSE-U14
2023-05-06T16:00:00Z;2023-05-06T16:30:00Z;2023-05-06T17:00:00Z;2023-05-06T17:30:00Z;2023-05-06T18:00:00Z;2023-05-06T18:30:00Z;2023-05-06T19:00:00Z;2023-05-06T19:30:00Z;2023-05-06T20:00:00Z;2023-05-06T20:30:00Z;2023-05-06T21:00:00Z;2023-05-06T21:30:00Z
0;0;0;0;0;0;0;0;0;0;0;0
;;;;;;;;;;;
Portfolio;SSE;GU_400770;30;EUR
Linear order;SSE-U14
2023-05-06T16:00:00Z;2023-05-06T16:30:00Z;2023-05-06T17:00:00Z;2023-05-06T17:30:00Z;2023-05-06T18:00:00Z;2023-05-06T18:30:00Z;2023-05-06T19:00:00Z;2023-05-06T19:30:00Z;2023-05-06T20:00:00Z;2023-05-06T20:30:00Z;2023-05-06T21:00:00Z;2023-05-06T21:30:00Z
0;0;0;0;0;0;0;0;0;0;0;0
;;;;;;;;;;;
Portfolio;SSE;GU_400771;30;EUR
Linear order;SSE-U14
2023-05-06T16:00:00Z;2023-05-06T16:30:00Z;2023-05-06T17:00:00Z;2023-05-06T17:30:00Z;2023-05-06T18:00:00Z;2023-05-06T18:30:00Z;2023-05-06T19:00:00Z;2023-05-06T19:30:00Z;2023-05-06T20:00:00Z;2023-05-06T20:30:00Z;2023-05-06T21:00:00Z;2023-05-06T21:30:00Z
0;0;0;0;0;0;0;0;0;0;0;0
;;;;;;;;;;;
Portfolio;SSE;GU_400780;30;EUR
Linear order;SSE-U14
2023-05-06T16:00:00Z;2023-05-06T16:30:00Z;2023-05-06T17:00:00Z;2023-05-06T17:30:00Z;2023-05-06T18:00:00Z;2023-05-06T18:30:00Z;2023-05-06T19:00:00Z;2023-05-06T19:30:00Z;2023-05-06T20:00:00Z;2023-05-06T20:30:00Z;2023-05-06T21:00:00Z;2023-05-06T21:30:00Z
0;0;0;0;0;0;0;0;0;0;0;0
;;;;;;;;;;;
Portfolio;SSE;GU_400781;30;EUR
Linear order;SSE-U14
2023-05-06T16:00:00Z;2023-05-06T16:30:00Z;2023-05-06T17:00:00Z;2023-05-06T17:30:00Z;2023-05-06T18:00:00Z;2023-05-06T18:30:00Z;2023-05-06T19:00:00Z;2023-05-06T19:30:00Z;2023-05-06T20:00:00Z;2023-05-06T20:30:00Z;2023-05-06T21:00:00Z;2023-05-06T21:30:00Z
0;0;0;0;0;0;0;0;0;0;0;0
;;;;;;;;;;;
Portfolio;BROOK;GU_400840;30;EUR
Linear order;BROFIEK01API
2023-05-06T16:00:00Z;2023-05-06T16:30:00Z;2023-05-06T17:00:00Z;2023-05-06T17:30:00Z;2023-05-06T18:00:00Z;2023-05-06T18:30:00Z;2023-05-06T19:00:00Z;2023-05-06T19:30:00Z;2023-05-06T20:00:00Z;2023-05-06T20:30:00Z;2023-05-06T21:00:00Z;2023-05-06T21:30:00Z
0;0;-0,1;-0,2;-0,1;0;0;-0,1;-0,2;-0,1;0;0,2
;;40000051009086;40000051009087;40000051009088;;;40000051009091;40000051009092;40000051009093;;40000051009095
Portfolio;BORD;GU_400930;30;EUR
Linear order;BORADAP02API
2023-05-06T16:00:00Z;2023-05-06T16:30:00Z;2023-05-06T17:00:00Z;2023-05-06T17:30:00Z;2023-05-06T18:00:00Z;2023-05-06T18:30:00Z;2023-05-06T19:00:00Z;2023-05-06T19:30:00Z;2023-05-06T20:00:00Z;2023-05-06T20:30:00Z;2023-05-06T21:00:00Z;2023-05-06T21:30:00Z
0;0;0;0;0;0;0;0;0;0;0;0
;;;;;;;;;;;
Portfolio;ELSUPPLY;GU_400940;30;EUR
Linear order;ELSGRTE02API
2023-05-06T16:00:00Z;2023-05-06T16:30:00Z;2023-05-06T17:00:00Z;2023-05-06T17:30:00Z;2023-05-06T18:00:00Z;2023-05-06T18:30:00Z;2023-05-06T19:00:00Z;2023-05-06T19:30:00Z;2023-05-06T20:00:00Z;2023-05-06T20:30:00Z;2023-05-06T21:00:00Z;2023-05-06T21:30:00Z
0;0,2;0,2;0;0;0;0;0;0;-0,2;0;0
;40000050993948;40000050993949;;;;;;;40000050993950;;
Portfolio;ELSUPPLY;GU_400950;30;EUR
Linear order;ELSGRTE02API
2023-05-06T16:00:00Z;2023-05-06T16:30:00Z;2023-05-06T17:00:00Z;2023-05-06T17:30:00Z;2023-05-06T18:00:00Z;2023-05-06T18:30:00Z;2023-05-06T19:00:00Z;2023-05-06T19:30:00Z;2023-05-06T20:00:00Z;2023-05-06T20:30:00Z;2023-05-06T21:00:00Z;2023-05-06T21:30:00Z
0,2;0,3;0,3;0,2;0;0;0;0;0;0;0;0
40000050993982;40000050993983;40000050993984;40000050993985;;;;;;;;
Portfolio;EDENDERR;GU_401010;30;EUR
Linear order;EDENIOZ02API
2023-05-06T16:00:00Z;2023-05-06T16:30:00Z;2023-05-06T17:00:00Z;2023-05-06T17:30:00Z;2023-05-06T18:00:00Z;2023-05-06T18:30:00Z;2023-05-06T19:00:00Z;2023-05-06T19:30:00Z;2023-05-06T20:00:00Z;2023-05-06T20:30:00Z;2023-05-06T21:00:00Z;2023-05-06T21:30:00Z
0;0;0;0;0;0;0;0;0;0;0;0
;;;;;;;;;;;
Portfolio;EDENDERR;GU_401011;30;EUR
Linear order;EDENIOZ02API
2023-05-06T16:00:00Z;2023-05-06T16:30:00Z;2023-05-06T17:00:00Z;2023-05-06T17:30:00Z;2023-05-06T18:00:00Z;2023-05-06T18:30:00Z;2023-05-06T19:00:00Z;2023-05-06T19:30:00Z;2023-05-06T20:00:00Z;2023-05-06T20:30:00Z;2023-05-06T21:00:00Z;2023-05-06T21:30:00Z
0;0;0;0;0;0;0;0;0;0;0;0
;;;;;;;;;;;
Portfolio;ELSUPPLY;GU_401020;30;EUR
Linear order;ELSGRTE02API
2023-05-06T16:00:00Z;2023-05-06T16:30:00Z;2023-05-06T17:00:00Z;2023-05-06T17:30:00Z;2023-05-06T18:00:00Z;2023-05-06T18:30:00Z;2023-05-06T19:00:00Z;2023-05-06T19:30:00Z;2023-05-06T20:00:00Z;2023-05-06T20:30:00Z;2023-05-06T21:00:00Z;2023-05-06T21:30:00Z
-0,2;0;-0,4;-0,5;-0,6;-0,7;-0,8;-0,9;-1,0;-0,8;-0,7;-0,7
40000050993929;;40000050993930;40000050993931;40000050993932;40000050993933;40000050993934;40000050993935;40000050993936;40000050993937;40000050993938;40000050993939
Portfolio;ELSUPPLY;GU_401090;30;EUR
Linear order;ELSGRTE02API
2023-05-06T16:00:00Z;2023-05-06T16:30:00Z;2023-05-06T17:00:00Z;2023-05-06T17:30:00Z;2023-05-06T18:00:00Z;2023-05-06T18:30:00Z;2023-05-06T19:00:00Z;2023-05-06T19:30:00Z;2023-05-06T20:00:00Z;2023-05-06T20:30:00Z;2023-05-06T21:00:00Z;2023-05-06T21:30:00Z
-0,4;-0,3;-0,2;0;0;0;0;0;0;0;0;-0,2
40000050993951;40000050993952;40000050993953;;;;;;;;;40000050993954
Portfolio;WFSO;GU_401350;30;EUR
Linear order;WFSOIPA01API
2023-05-06T16:00:00Z;2023-05-06T16:30:00Z;2023-05-06T17:00:00Z;2023-05-06T17:30:00Z;2023-05-06T18:00:00Z;2023-05-06T18:30:00Z;2023-05-06T19:00:00Z;2023-05-06T19:30:00Z;2023-05-06T20:00:00Z;2023-05-06T20:30:00Z;2023-05-06T21:00:00Z;2023-05-06T21:30:00Z
-1,7;-1,4;-1,4;-1,8;-1,7;-1,1;-0,8;-0,7;-0,6;-0,5;-0,5;-0,5
40000051009588;40000051009589;40000051009590;40000051009591;40000051009592;40000051009593;40000051009594;40000051009595;40000051009596;40000051009597;40000051009598;40000051009599
Portfolio;WFSO;GU_401500;30;EUR
Linear order;WFSOIPA01API
2023-05-06T16:00:00Z;2023-05-06T16:30:00Z;2023-05-06T17:00:00Z;2023-05-06T17:30:00Z;2023-05-06T18:00:00Z;2023-05-06T18:30:00Z;2023-05-06T19:00:00Z;2023-05-06T19:30:00Z;2023-05-06T20:00:00Z;2023-05-06T20:30:00Z;2023-05-06T21:00:00Z;2023-05-06T21:30:00Z
0,5;0,7;0,6;0,2;-0,1;-0,2;-0,3;-0,2;-0,2;-0,2;-0,1;0,1
40000051009636;40000051009637;40000051009638;40000051009639;40000051009640;40000051009641;40000051009642;40000051009643;40000051009644;40000051009645;40000051009646;40000051009647
Portfolio;ELSUPPLY;GU_401680;30;EUR
Linear order;ELSGRTE02API
2023-05-06T16:00:00Z;2023-05-06T16:30:00Z;2023-05-06T17:00:00Z;2023-05-06T17:30:00Z;2023-05-06T18:00:00Z;2023-05-06T18:30:00Z;2023-05-06T19:00:00Z;2023-05-06T19:30:00Z;2023-05-06T20:00:00Z;2023-05-06T20:30:00Z;2023-05-06T21:00:00Z;2023-05-06T21:30:00Z
-0,7;-0,8;-0,7;-0,5;-0,3;-0,4;-0,4;-0,3;0;0;0,1;0,3
40000050993955;40000050993956;40000050993957;40000050993958;40000050993959;40000050993960;40000050993961;40000050993962;;;40000050993963;40000050993964
Portfolio;EDENDERR;GU_401690;30;EUR
Linear order;EDENIOZ02API
2023-05-06T16:00:00Z;2023-05-06T16:30:00Z;2023-05-06T17:00:00Z;2023-05-06T17:30:00Z;2023-05-06T18:00:00Z;2023-05-06T18:30:00Z;2023-05-06T19:00:00Z;2023-05-06T19:30:00Z;2023-05-06T20:00:00Z;2023-05-06T20:30:00Z;2023-05-06T21:00:00Z;2023-05-06T21:30:00Z
0,1;0,3;0,1;0,1;0,2;0;0;0;0;0;-0,1;-0,1
40000051007415;40000051007416;40000051007417;40000051007418;40000051007419;;;;;;40000051007425;40000051007426
Portfolio;EDENDERR;GU_401700;30;EUR
Linear order;EDENIOZ02API
2023-05-06T16:00:00Z;2023-05-06T16:30:00Z;2023-05-06T17:00:00Z;2023-05-06T17:30:00Z;2023-05-06T18:00:00Z;2023-05-06T18:30:00Z;2023-05-06T19:00:00Z;2023-05-06T19:30:00Z;2023-05-06T20:00:00Z;2023-05-06T20:30:00Z;2023-05-06T21:00:00Z;2023-05-06T21:30:00Z
0,2;0,3;0,1;0,1;0,2;0;0,1;0;0,1;0,1;0;0,2
40000051007283;40000051007284;40000051007285;40000051007286;40000051007287;;40000051007289;;40000051007291;40000051007292;;40000051007294
Portfolio;BROOK;GU_401710;30;EUR
Linear order;BROFIEK01API
2023-05-06T16:00:00Z;2023-05-06T16:30:00Z;2023-05-06T17:00:00Z;2023-05-06T17:30:00Z;2023-05-06T18:00:00Z;2023-05-06T18:30:00Z;2023-05-06T19:00:00Z;2023-05-06T19:30:00Z;2023-05-06T20:00:00Z;2023-05-06T20:30:00Z;2023-05-06T21:00:00Z;2023-05-06T21:30:00Z
0,1;0;0;0,1;0,1;0,1;0;0;0;0;0;0,1
40000051009096;;;40000051009099;40000051009100;40000051009101;;;;;;40000051009107
Portfolio;BROOK;GU_401720;30;EUR
Linear order;BROFIEK01API
2023-05-06T16:00:00Z;2023-05-06T16:30:00Z;2023-05-06T17:00:00Z;2023-05-06T17:30:00Z;2023-05-06T18:00:00Z;2023-05-06T18:30:00Z;2023-05-06T19:00:00Z;2023-05-06T19:30:00Z;2023-05-06T20:00:00Z;2023-05-06T20:30:00Z;2023-05-06T21:00:00Z;2023-05-06T21:30:00Z
-0,5;-0,5;-0,5;-0,3;-0,2;-0,2;0;-0,1;0;-0,1;0;0,1
40000051009108;40000051009109;40000051009110;40000051009111;40000051009112;40000051009113;;40000051009115;;40000051009117;;40000051009119
Portfolio;BROOK;GU_401730;30;EUR
Linear order;BROFIEK01API
2023-05-06T16:00:00Z;2023-05-06T16:30:00Z;2023-05-06T17:00:00Z;2023-05-06T17:30:00Z;2023-05-06T18:00:00Z;2023-05-06T18:30:00Z;2023-05-06T19:00:00Z;2023-05-06T19:30:00Z;2023-05-06T20:00:00Z;2023-05-06T20:30:00Z;2023-05-06T21:00:00Z;2023-05-06T21:30:00Z
-0,4;-0,4;-0,4;-0,3;-0,1;-0,1;-0,1;0;-0,1;0;0,1;0,1
40000051009120;40000051009121;40000051009122;40000051009123;40000051009124;40000051009125;40000051009126;;40000051009128;;40000051009130;40000051009131
Portfolio;BROOK;GU_401740;30;EUR
Linear order;BROFIEK01API
2023-05-06T16:00:00Z;2023-05-06T16:30:00Z;2023-05-06T17:00:00Z;2023-05-06T17:30:00Z;2023-05-06T18:00:00Z;2023-05-06T18:30:00Z;2023-05-06T19:00:00Z;2023-05-06T19:30:00Z;2023-05-06T20:00:00Z;2023-05-06T20:30:00Z;2023-05-06T21:00:00Z;2023-05-06T21:30:00Z
0;0,2;0,3;0,4;0,3;0,1;-0,1;-0,3;-0,2;0,1;0,3;0,2
;40000051009133;40000051009134;40000051009135;40000051009136;40000051009137;40000051009138;40000051009139;40000051009140;40000051009141;40000051009142;40000051009143
Portfolio;BROOK;GU_401750;30;EUR
Linear order;BROFIEK01API
2023-05-06T16:00:00Z;2023-05-06T16:30:00Z;2023-05-06T17:00:00Z;2023-05-06T17:30:00Z;2023-05-06T18:00:00Z;2023-05-06T18:30:00Z;2023-05-06T19:00:00Z;2023-05-06T19:30:00Z;2023-05-06T20:00:00Z;2023-05-06T20:30:00Z;2023-05-06T21:00:00Z;2023-05-06T21:30:00Z
0,2;0,2;0,2;0,1;0;0,1;0,1;-0,1;-0,1;-0,1;0;0,1
40000051009144;40000051009145;40000051009146;40000051009147;;40000051009149;40000051009150;40000051009151;40000051009152;40000051009153;;40000051009155
Portfolio;BROOK;GU_401760;30;EUR
Linear order;BROFIEK01API
2023-05-06T16:00:00Z;2023-05-06T16:30:00Z;2023-05-06T17:00:00Z;2023-05-06T17:30:00Z;2023-05-06T18:00:00Z;2023-05-06T18:30:00Z;2023-05-06T19:00:00Z;2023-05-06T19:30:00Z;2023-05-06T20:00:00Z;2023-05-06T20:30:00Z;2023-05-06T21:00:00Z;2023-05-06T21:30:00Z
0;0,1;0,1;0,2;0,1;0,1;0;0;0,1;0,1;0,1;0
;40000051009157;40000051009158;40000051009159;40000051009160;40000051009161;;;40000051009164;40000051009165;40000051009166;
Portfolio;WFSO;GU_401840;30;EUR
Linear order;WFSOIPA01API
2023-05-06T16:00:00Z;2023-05-06T16:30:00Z;2023-05-06T17:00:00Z;2023-05-06T17:30:00Z;2023-05-06T18:00:00Z;2023-05-06T18:30:00Z;2023-05-06T19:00:00Z;2023-05-06T19:30:00Z;2023-05-06T20:00:00Z;2023-05-06T20:30:00Z;2023-05-06T21:00:00Z;2023-05-06T21:30:00Z
-1,9;-1,8;-1,8;-1,8;-1,6;-1,0;-0,6;-0,1;0,5;1,0;1,2;1,0
40000051009624;40000051009625;40000051009626;40000051009627;40000051009628;40000051009629;40000051009630;40000051009631;40000051009632;40000051009633;40000051009634;40000051009635
Portfolio;EDENDERR;GU_401860;30;EUR
Linear order;EDENIOZ02API
2023-05-06T16:00:00Z;2023-05-06T16:30:00Z;2023-05-06T17:00:00Z;2023-05-06T17:30:00Z;2023-05-06T18:00:00Z;2023-05-06T18:30:00Z;2023-05-06T19:00:00Z;2023-05-06T19:30:00Z;2023-05-06T20:00:00Z;2023-05-06T20:30:00Z;2023-05-06T21:00:00Z;2023-05-06T21:30:00Z
0;0;0;0;0;0;0;0;0;0;0;0
;;;;;;;;;;;
Portfolio;SLIABH;GU_401900;30;EUR
Linear order;SLIBHAB02API
2023-05-06T16:00:00Z;2023-05-06T16:30:00Z;2023-05-06T17:00:00Z;2023-05-06T17:30:00Z;2023-05-06T18:00:00Z;2023-05-06T18:30:00Z;2023-05-06T19:00:00Z;2023-05-06T19:30:00Z;2023-05-06T20:00:00Z;2023-05-06T20:30:00Z;2023-05-06T21:00:00Z;2023-05-06T21:30:00Z
0;0;0;0;0;0;0;0;0;0;-1,5;-1,5
;;;;;;;;;;40000051007437;40000051007438
Portfolio;ELSUPPLY;GU_401940;30;EUR
Linear order;ELSGRTE02API
2023-05-06T16:00:00Z;2023-05-06T16:30:00Z;2023-05-06T17:00:00Z;2023-05-06T17:30:00Z;2023-05-06T18:00:00Z;2023-05-06T18:30:00Z;2023-05-06T19:00:00Z;2023-05-06T19:30:00Z;2023-05-06T20:00:00Z;2023-05-06T20:30:00Z;2023-05-06T21:00:00Z;2023-05-06T21:30:00Z
-0,5;-0,7;-0,9;-1,1;-1,2;-1,1;-1,2;-1,3;-1,5;-1,4;-1,3;-1,2
40000050993993;40000050993994;40000050993995;40000050993996;40000050993997;40000050993998;40000050993999;40000050994000;40000050994001;40000050994002;40000050994003;40000050994004
Portfolio;WFSO;GU_401950;30;EUR
Linear order;WFSOIPA01API
2023-05-06T16:00:00Z;2023-05-06T16:30:00Z;2023-05-06T17:00:00Z;2023-05-06T17:30:00Z;2023-05-06T18:00:00Z;2023-05-06T18:30:00Z;2023-05-06T19:00:00Z;2023-05-06T19:30:00Z;2023-05-06T20:00:00Z;2023-05-06T20:30:00Z;2023-05-06T21:00:00Z;2023-05-06T21:30:00Z
0,1;0;-0,1;-0,3;-0,3;0,1;0,3;0,3;0,3;0;0;-0,1
40000051009600;;40000051009602;40000051009603;40000051009604;40000051009605;40000051009606;40000051009607;40000051009608;;;40000051009611
Portfolio;ELSUPPLY;GU_402080;30;EUR
Linear order;ELSGRTE02API
2023-05-06T16:00:00Z;2023-05-06T16:30:00Z;2023-05-06T17:00:00Z;2023-05-06T17:30:00Z;2023-05-06T18:00:00Z;2023-05-06T18:30:00Z;2023-05-06T19:00:00Z;2023-05-06T19:30:00Z;2023-05-06T20:00:00Z;2023-05-06T20:30:00Z;2023-05-06T21:00:00Z;2023-05-06T21:30:00Z
-0,6;-0,2;0;-0,3;-0,3;-0,2;0;0;0;0;-0,2;-0,2
40000050994010;40000050994011;;40000050994012;40000050994013;40000050994014;;;;;40000050994015;40000050994016
Portfolio;ELSUPPLY;GU_402150;30;EUR
Linear order;ELSGRTE02API
2023-05-06T16:00:00Z;2023-05-06T16:30:00Z;2023-05-06T17:00:00Z;2023-05-06T17:30:00Z;2023-05-06T18:00:00Z;2023-05-06T18:30:00Z;2023-05-06T19:00:00Z;2023-05-06T19:30:00Z;2023-05-06T20:00:00Z;2023-05-06T20:30:00Z;2023-05-06T21:00:00Z;2023-05-06T21:30:00Z
0;-0,3;-0,7;-0,4;-0,4;-0,4;-0,5;-0,4;-0,4;0;0;0,2
;40000050994017;40000050994018;40000050994019;40000050994020;40000050994021;40000050994022;40000050994023;40000050994024;;;40000050994025
Portfolio;ELSUPPLY;GU_402190;30;EUR
Linear order;ELSGRTE02API
2023-05-06T16:00:00Z;2023-05-06T16:30:00Z;2023-05-06T17:00:00Z;2023-05-06T17:30:00Z;2023-05-06T18:00:00Z;2023-05-06T18:30:00Z;2023-05-06T19:00:00Z;2023-05-06T19:30:00Z;2023-05-06T20:00:00Z;2023-05-06T20:30:00Z;2023-05-06T21:00:00Z;2023-05-06T21:30:00Z
0;0;-0,3;0;-0,2;-0,2;-0,2;0;0;0;0;0
;;40000050994026;;40000050994027;40000050994028;40000050994029;;;;;
Portfolio;WFSO;GU_402270;30;EUR
Linear order;WFSOIPA01API
2023-05-06T16:00:00Z;2023-05-06T16:30:00Z;2023-05-06T17:00:00Z;2023-05-06T17:30:00Z;2023-05-06T18:00:00Z;2023-05-06T18:30:00Z;2023-05-06T19:00:00Z;2023-05-06T19:30:00Z;2023-05-06T20:00:00Z;2023-05-06T20:30:00Z;2023-05-06T21:00:00Z;2023-05-06T21:30:00Z
-0,8;-1,5;-1,6;-1,3;-1,0;-0,7;-0,5;-0,6;-0,3;0,5;0,9;0,9
40000051009672;40000051009673;40000051009674;40000051009675;40000051009676;40000051009677;40000051009678;40000051009679;40000051009680;40000051009681;40000051009682;40000051009683
Portfolio;WFSO;GU_403380;30;EUR
Linear order;WFSOIPA01API
2023-05-06T16:00:00Z;2023-05-06T16:30:00Z;2023-05-06T17:00:00Z;2023-05-06T17:30:00Z;2023-05-06T18:00:00Z;2023-05-06T18:30:00Z;2023-05-06T19:00:00Z;2023-05-06T19:30:00Z;2023-05-06T20:00:00Z;2023-05-06T20:30:00Z;2023-05-06T21:00:00Z;2023-05-06T21:30:00Z
-0,1;0;-0,1;0;0;-0,1;0;0;0;0;0;0
40000051009612;;40000051009614;;;40000051009617;;;;;;
Portfolio;WFSO;GU_403400;30;EUR
Linear order;WFSOIPA01API
2023-05-06T16:00:00Z;2023-05-06T16:30:00Z;2023-05-06T17:00:00Z;2023-05-06T17:30:00Z;2023-05-06T18:00:00Z;2023-05-06T18:30:00Z;2023-05-06T19:00:00Z;2023-05-06T19:30:00Z;2023-05-06T20:00:00Z;2023-05-06T20:30:00Z;2023-05-06T21:00:00Z;2023-05-06T21:30:00Z
-0,3;-0,4;-0,6;-0,8;-0,9;-0,9;-0,8;-0,5;-0,3;-0,3;-0,1;0,4
40000051009648;40000051009649;40000051009650;40000051009651;40000051009652;40000051009653;40000051009654;40000051009655;40000051009656;40000051009657;40000051009658;40000051009659
Portfolio;ELSUPPLY;GU_403760;30;EUR
Linear order;ELSGRTE02API
2023-05-06T16:00:00Z;2023-05-06T16:30:00Z;2023-05-06T17:00:00Z;2023-05-06T17:30:00Z;2023-05-06T18:00:00Z;2023-05-06T18:30:00Z;2023-05-06T19:00:00Z;2023-05-06T19:30:00Z;2023-05-06T20:00:00Z;2023-05-06T20:30:00Z;2023-05-06T21:00:00Z;2023-05-06T21:30:00Z
-6,0;-5,5;-4,7;-3,5;-2,9;-3,0;-2,8;-2,3;-1,9;-1,7;-1,4;-1,5
40000050994036;40000050994037;40000050994038;40000050994039;40000050994040;40000050994041;40000050994042;40000050994043;40000050994044;40000050994045;40000050994046;40000050994047
Portfolio;WFSO;GU_403770;30;EUR
Linear order;WFSOIPA01API
2023-05-06T16:00:00Z;2023-05-06T16:30:00Z;2023-05-06T17:00:00Z;2023-05-06T17:30:00Z;2023-05-06T18:00:00Z;2023-05-06T18:30:00Z;2023-05-06T19:00:00Z;2023-05-06T19:30:00Z;2023-05-06T20:00:00Z;2023-05-06T20:30:00Z;2023-05-06T21:00:00Z;2023-05-06T21:30:00Z
-0,9;-1,0;-1,0;-1,0;-0,8;-0,5;-0,3;-0,3;-0,3;-0,2;0;0,2
40000051009576;40000051009577;40000051009578;40000051009579;40000051009580;40000051009581;40000051009582;40000051009583;40000051009584;40000051009585;;40000051009587
Portfolio;ELSUPPLY;GU_403790;30;EUR
Linear order;ELSGRTE02API
2023-05-06T16:00:00Z;2023-05-06T16:30:00Z;2023-05-06T17:00:00Z;2023-05-06T17:30:00Z;2023-05-06T18:00:00Z;2023-05-06T18:30:00Z;2023-05-06T19:00:00Z;2023-05-06T19:30:00Z;2023-05-06T20:00:00Z;2023-05-06T20:30:00Z;2023-05-06T21:00:00Z;2023-05-06T21:30:00Z
-1,1;-0,8;-0,5;-0,3;-0,3;-0,3;-0,3;-0,5;-0,6;-0,6;-0,6;-0,6
40000050994048;40000050994049;40000050994050;40000050994051;40000050994052;40000050994053;40000050994054;40000050994055;40000050994056;40000050994057;40000050994058;40000050994059
Portfolio;WFST;GU_403800;30;EUR
Linear order;WFST01API
2023-05-06T16:00:00Z;2023-05-06T16:30:00Z;2023-05-06T17:00:00Z;2023-05-06T17:30:00Z;2023-05-06T18:00:00Z;2023-05-06T18:30:00Z;2023-05-06T19:00:00Z;2023-05-06T19:30:00Z;2023-05-06T20:00:00Z;2023-05-06T20:30:00Z;2023-05-06T21:00:00Z;2023-05-06T21:30:00Z
-0,6;-0,8;-0,7;-0,7;-0,6;-0,3;-0,2;-0,2;-0,2;-0,1;0;0,1
40000051009708;40000051009709;40000051009710;40000051009711;40000051009712;40000051009713;40000051009714;40000051009715;40000051009716;40000051009717;;40000051009719
Portfolio;WFST;GU_403810;30;EUR
Linear order;WFST01API
2023-05-06T16:00:00Z;2023-05-06T16:30:00Z;2023-05-06T17:00:00Z;2023-05-06T17:30:00Z;2023-05-06T18:00:00Z;2023-05-06T18:30:00Z;2023-05-06T19:00:00Z;2023-05-06T19:30:00Z;2023-05-06T20:00:00Z;2023-05-06T20:30:00Z;2023-05-06T21:00:00Z;2023-05-06T21:30:00Z
-0,4;-0,4;-0,5;-0,6;-0,5;-0,3;0;0;0;0;0;0,1
40000051009696;40000051009697;40000051009698;40000051009699;40000051009700;40000051009701;;;;;;40000051009707
Portfolio;STATKMKT;GU_404010;30;EUR
Linear order;STATKMKT01API
2023-05-06T16:00:00Z;2023-05-06T16:30:00Z;2023-05-06T17:00:00Z;2023-05-06T17:30:00Z;2023-05-06T18:00:00Z;2023-05-06T18:30:00Z;2023-05-06T19:00:00Z;2023-05-06T19:30:00Z;2023-05-06T20:00:00Z;2023-05-06T20:30:00Z;2023-05-06T21:00:00Z;2023-05-06T21:30:00Z
-2,2;-1,7;0;0;0;0;0;0;0;0;0;0
40000051007721;40000051007722;;;;;;;;;;
Portfolio;BROOK;GU_404210;30;EUR
Linear order;BROFIEK01API
2023-05-06T16:00:00Z;2023-05-06T16:30:00Z;2023-05-06T17:00:00Z;2023-05-06T17:30:00Z;2023-05-06T18:00:00Z;2023-05-06T18:30:00Z;2023-05-06T19:00:00Z;2023-05-06T19:30:00Z;2023-05-06T20:00:00Z;2023-05-06T20:30:00Z;2023-05-06T21:00:00Z;2023-05-06T21:30:00Z
-0,4;-0,5;-0,4;-0,3;-0,1;0;0,2;0,1;0,1;0,2;0,2;0,3
40000051009168;40000051009169;40000051009170;40000051009171;40000051009172;;40000051009174;40000051009175;40000051009176;40000051009177;40000051009178;40000051009179
Portfolio;BROOK;GU_404290;30;EUR
Linear order;BROFIEK01API
2023-05-06T16:00:00Z;2023-05-06T16:30:00Z;2023-05-06T17:00:00Z;2023-05-06T17:30:00Z;2023-05-06T18:00:00Z;2023-05-06T18:30:00Z;2023-05-06T19:00:00Z;2023-05-06T19:30:00Z;2023-05-06T20:00:00Z;2023-05-06T20:30:00Z;2023-05-06T21:00:00Z;2023-05-06T21:30:00Z
-0,2;-0,2;-0,2;-0,2;-0,2;-0,1;-0,1;-0,1;0;0;0;0,1
40000051009180;40000051009181;40000051009182;40000051009183;40000051009184;40000051009185;40000051009186;40000051009187;;;;40000051009191
Portfolio;WFST;GU_404330;30;EUR
Linear order;WFST01API
2023-05-06T16:00:00Z;2023-05-06T16:30:00Z;2023-05-06T17:00:00Z;2023-05-06T17:30:00Z;2023-05-06T18:00:00Z;2023-05-06T18:30:00Z;2023-05-06T19:00:00Z;2023-05-06T19:30:00Z;2023-05-06T20:00:00Z;2023-05-06T20:30:00Z;2023-05-06T21:00:00Z;2023-05-06T21:30:00Z
-0,5;-0,6;-0,9;-1,4;-1,4;-0,8;-0,5;-0,2;-0,3;-0,3;-0,3;0
40000051009684;40000051009685;40000051009686;40000051009687;40000051009688;40000051009689;40000051009690;40000051009691;40000051009692;40000051009693;40000051009694;
Portfolio;BROOK;GU_404420;30;EUR
Linear order;BROFIEK01API
2023-05-06T16:00:00Z;2023-05-06T16:30:00Z;2023-05-06T17:00:00Z;2023-05-06T17:30:00Z;2023-05-06T18:00:00Z;2023-05-06T18:30:00Z;2023-05-06T19:00:00Z;2023-05-06T19:30:00Z;2023-05-06T20:00:00Z;2023-05-06T20:30:00Z;2023-05-06T21:00:00Z;2023-05-06T21:30:00Z
-0,2;0;0,1;0,2;0,3;0,4;0,5;0,5;0,5;0,4;0,2;0,1
40000051009192;;40000051009194;40000051009195;40000051009196;40000051009197;40000051009198;40000051009199;40000051009200;40000051009201;40000051009202;40000051009203
Portfolio;IBERDGE;GU_404450;30;EUR
Linear order;IBERYULL01API
2023-05-06T16:00:00Z;2023-05-06T16:30:00Z;2023-05-06T17:00:00Z;2023-05-06T17:30:00Z;2023-05-06T18:00:00Z;2023-05-06T18:30:00Z;2023-05-06T19:00:00Z;2023-05-06T19:30:00Z;2023-05-06T20:00:00Z;2023-05-06T20:30:00Z;2023-05-06T21:00:00Z;2023-05-06T21:30:00Z
0;0;0;0;0,1;0,1;0,4;0,4;0,4;0;0;0
;;;;40000051007278;40000051007279;40000051007280;40000051007281;40000051007282;;;
Portfolio;WFST;GU_404480;30;EUR
Linear order;WFST01API
2023-05-06T16:00:00Z;2023-05-06T16:30:00Z;2023-05-06T17:00:00Z;2023-05-06T17:30:00Z;2023-05-06T18:00:00Z;2023-05-06T18:30:00Z;2023-05-06T19:00:00Z;2023-05-06T19:30:00Z;2023-05-06T20:00:00Z;2023-05-06T20:30:00Z;2023-05-06T21:00:00Z;2023-05-06T21:30:00Z
-0,2;-0,2;-0,2;-0,2;-0,1;-0,1;-0,1;-0,1;-0,1;-0,1;0,1;0,1
40000051009720;40000051009721;40000051009722;40000051009723;40000051009724;40000051009725;40000051009726;40000051009727;40000051009728;40000051009729;40000051009730;40000051009731
Portfolio;STATKMKT;GU_404520;30;EUR
Linear order;STATKMKT01API
2023-05-06T16:00:00Z;2023-05-06T16:30:00Z;2023-05-06T17:00:00Z;2023-05-06T17:30:00Z;2023-05-06T18:00:00Z;2023-05-06T18:30:00Z;2023-05-06T19:00:00Z;2023-05-06T19:30:00Z;2023-05-06T20:00:00Z;2023-05-06T20:30:00Z;2023-05-06T21:00:00Z;2023-05-06T21:30:00Z
-7,5;0;0;0;0;0;0;0;0;0;0;0
40000051007733;;;;;;;;;;;
Portfolio;BORD;GU_405130;30;EUR
Linear order;BORADAP02API
2023-05-06T16:00:00Z;2023-05-06T16:30:00Z;2023-05-06T17:00:00Z;2023-05-06T17:30:00Z;2023-05-06T18:00:00Z;2023-05-06T18:30:00Z;2023-05-06T19:00:00Z;2023-05-06T19:30:00Z;2023-05-06T20:00:00Z;2023-05-06T20:30:00Z;2023-05-06T21:00:00Z;2023-05-06T21:30:00Z
2,9;2,4;1,8;1,7;1,8;1,6;1,4;1,5;1,6;1,8;1,8;1,6
40000050996699;40000050996700;40000050996701;40000050996702;40000050996703;40000050996704;40000050996705;40000050996706;40000050996707;40000050996708;40000050996709;40000050996710
Portfolio;EDENDERR;GU_405140;30;EUR
Linear order;EDENIOZ02API
2023-05-06T16:00:00Z;2023-05-06T16:30:00Z;2023-05-06T17:00:00Z;2023-05-06T17:30:00Z;2023-05-06T18:00:00Z;2023-05-06T18:30:00Z;2023-05-06T19:00:00Z;2023-05-06T19:30:00Z;2023-05-06T20:00:00Z;2023-05-06T20:30:00Z;2023-05-06T21:00:00Z;2023-05-06T21:30:00Z
0;0,2;0;0;0;0;0,1;0;0,4;0;0,2;0,2
;40000051007320;;;;;40000051007325;;40000051007327;;40000051007329;40000051007330
Portfolio;CENTRAD;SU_400151;30;EUR
Linear order;CENIPAC01API
2023-05-06T16:00:00Z;2023-05-06T16:30:00Z;2023-05-06T17:00:00Z;2023-05-06T17:30:00Z;2023-05-06T18:00:00Z;2023-05-06T18:30:00Z;2023-05-06T19:00:00Z;2023-05-06T19:30:00Z;2023-05-06T20:00:00Z;2023-05-06T20:30:00Z;2023-05-06T21:00:00Z;2023-05-06T21:30:00Z
0;0;33,7;33,7;33,7;33,7;33,7;33,7;0;0;0;0
;;40000051005604;40000051005605;40000051005606;40000051005607;40000051005608;40000051005609;;;;
Portfolio;CENTRAD;SU_400176;30;EUR
Linear order;CENIPAC01API
2023-05-06T16:00:00Z;2023-05-06T16:30:00Z;2023-05-06T17:00:00Z;2023-05-06T17:30:00Z;2023-05-06T18:00:00Z;2023-05-06T18:30:00Z;2023-05-06T19:00:00Z;2023-05-06T19:30:00Z;2023-05-06T20:00:00Z;2023-05-06T20:30:00Z;2023-05-06T21:00:00Z;2023-05-06T21:30:00Z
6,0;6,0;6,0;6,0;6,0;6,0;6,0;6,0;6,0;6,0;6,0;6,0
40000051005614;40000051005615;40000051005616;40000051005617;40000051005618;40000051005619;40000051005620;40000051005621;40000051005622;40000051005623;40000051005624;40000051005625
Portfolio;CENTRAD;SU_400177;30;EUR
Linear order;CENIPAC01API
2023-05-06T16:00:00Z;2023-05-06T16:30:00Z;2023-05-06T17:00:00Z;2023-05-06T17:30:00Z;2023-05-06T18:00:00Z;2023-05-06T18:30:00Z;2023-05-06T19:00:00Z;2023-05-06T19:30:00Z;2023-05-06T20:00:00Z;2023-05-06T20:30:00Z;2023-05-06T21:00:00Z;2023-05-06T21:30:00Z
0;0;6,2;6,2;6,2;6,2;6,2;6,2;0;0;0;0
;;40000051005628;40000051005629;40000051005630;40000051005631;40000051005632;40000051005633;;;;
Portfolio;CENTRAD;SU_400183;30;EUR
Linear order;CENIPAC01API
2023-05-06T16:00:00Z;2023-05-06T16:30:00Z;2023-05-06T17:00:00Z;2023-05-06T17:30:00Z;2023-05-06T18:00:00Z;2023-05-06T18:30:00Z;2023-05-06T19:00:00Z;2023-05-06T19:30:00Z;2023-05-06T20:00:00Z;2023-05-06T20:30:00Z;2023-05-06T21:00:00Z;2023-05-06T21:30:00Z
0;0;6,7;6,7;6,7;6,7;6,7;6,7;0;0;0;0
;;40000051005640;40000051005641;40000051005642;40000051005643;40000051005644;40000051005645;;;;
Portfolio;CENTRAD;SU_400188;30;EUR
Linear order;CENIPAC01API
2023-05-06T16:00:00Z;2023-05-06T16:30:00Z;2023-05-06T17:00:00Z;2023-05-06T17:30:00Z;2023-05-06T18:00:00Z;2023-05-06T18:30:00Z;2023-05-06T19:00:00Z;2023-05-06T19:30:00Z;2023-05-06T20:00:00Z;2023-05-06T20:30:00Z;2023-05-06T21:00:00Z;2023-05-06T21:30:00Z
0;0;6,4;6,4;6,4;6,4;6,4;6,4;0;0;0;0
;;40000051005652;40000051005653;40000051005654;40000051005655;40000051005656;40000051005657;;;;
Portfolio;CAPTURED;SU_400191;30;EUR
Linear order;CAPTURE01API
2023-05-06T16:00:00Z;2023-05-06T16:30:00Z;2023-05-06T17:00:00Z;2023-05-06T17:30:00Z;2023-05-06T18:00:00Z;2023-05-06T18:30:00Z;2023-05-06T19:00:00Z;2023-05-06T19:30:00Z;2023-05-06T20:00:00Z;2023-05-06T20:30:00Z;2023-05-06T21:00:00Z;2023-05-06T21:30:00Z
-0,1;-0,1;-0,2;-0,2;-0,1;-0,1;0;0;0;0;0,2;0,2
40000051007367;40000051007368;40000051007369;40000051007370;40000051007371;40000051007372;;;;;40000051007377;40000051007378
Portfolio;CENTRAD;SU_400201;30;EUR
Linear order;CENIPAC01API
2023-05-06T16:00:00Z;2023-05-06T16:30:00Z;2023-05-06T17:00:00Z;2023-05-06T17:30:00Z;2023-05-06T18:00:00Z;2023-05-06T18:30:00Z;2023-05-06T19:00:00Z;2023-05-06T19:30:00Z;2023-05-06T20:00:00Z;2023-05-06T20:30:00Z;2023-05-06T21:00:00Z;2023-05-06T21:30:00Z
0;0;0,1;0,2;0,2;0;0;0,1;0;0;0;0
;;40000051007633;40000051007634;40000051007635;;;40000051007638;;;;
Portfolio;CENTRAD;SU_400346;30;EUR
Linear order;CENIPAC01API
2023-05-06T16:00:00Z;2023-05-06T16:30:00Z;2023-05-06T17:00:00Z;2023-05-06T17:30:00Z;2023-05-06T18:00:00Z;2023-05-06T18:30:00Z;2023-05-06T19:00:00Z;2023-05-06T19:30:00Z;2023-05-06T20:00:00Z;2023-05-06T20:30:00Z;2023-05-06T21:00:00Z;2023-05-06T21:30:00Z
-0,1;-0,1;-0,1;-0,1;-0,2;-0,1;0;0;0;0;0;0
40000051007643;40000051007644;40000051007645;40000051007646;40000051007647;40000051007648;;;;;;
Portfolio;CENTRAD;SU_400353;30;EUR
Linear order;CENIPAC01API
2023-05-06T16:00:00Z;2023-05-06T16:30:00Z;2023-05-06T17:00:00Z;2023-05-06T17:30:00Z;2023-05-06T18:00:00Z;2023-05-06T18:30:00Z;2023-05-06T19:00:00Z;2023-05-06T19:30:00Z;2023-05-06T20:00:00Z;2023-05-06T20:30:00Z;2023-05-06T21:00:00Z;2023-05-06T21:30:00Z
0;0;10,0;10,0;10,0;10,0;10,0;10,0;0;0;0;0
;;40000051005664;40000051005665;40000051005666;40000051005667;40000051005668;40000051005669;;;;
Portfolio;CENTRAD;SU_400354;30;EUR
Linear order;CENIPAC01API
2023-05-06T16:00:00Z;2023-05-06T16:30:00Z;2023-05-06T17:00:00Z;2023-05-06T17:30:00Z;2023-05-06T18:00:00Z;2023-05-06T18:30:00Z;2023-05-06T19:00:00Z;2023-05-06T19:30:00Z;2023-05-06T20:00:00Z;2023-05-06T20:30:00Z;2023-05-06T21:00:00Z;2023-05-06T21:30:00Z
0;0;6,7;6,7;6,7;6,7;6,7;6,7;0;0;0;0
;;40000051005676;40000051005677;40000051005678;40000051005679;40000051005680;40000051005681;;;;
Portfolio;CENTRAD;SU_403000;30;EUR
Linear order;CENIPAC01API
2023-05-06T16:00:00Z;2023-05-06T16:30:00Z;2023-05-06T17:00:00Z;2023-05-06T17:30:00Z;2023-05-06T18:00:00Z;2023-05-06T18:30:00Z;2023-05-06T19:00:00Z;2023-05-06T19:30:00Z;2023-05-06T20:00:00Z;2023-05-06T20:30:00Z;2023-05-06T21:00:00Z;2023-05-06T21:30:00Z
0;0;6,7;6,7;6,7;6,7;6,7;6,7;0;0;0;0
;;40000051005688;40000051005689;40000051005690;40000051005691;40000051005692;40000051005693;;;;
Portfolio;CENTRAD;SU_403010;30;EUR
Linear order;CENIPAC01API
2023-05-06T16:00:00Z;2023-05-06T16:30:00Z;2023-05-06T17:00:00Z;2023-05-06T17:30:00Z;2023-05-06T18:00:00Z;2023-05-06T18:30:00Z;2023-05-06T19:00:00Z;2023-05-06T19:30:00Z;2023-05-06T20:00:00Z;2023-05-06T20:30:00Z;2023-05-06T21:00:00Z;2023-05-06T21:30:00Z
0;0;6,7;6,7;6,7;6,7;6,7;6,7;0;0;0;0
;;40000051005700;40000051005701;40000051005702;40000051005703;40000051005704;40000051005705;;;;
Portfolio;CENTRAD;SU_403020;30;EUR
Linear order;CENIPAC01API
2023-05-06T16:00:00Z;2023-05-06T16:30:00Z;2023-05-06T17:00:00Z;2023-05-06T17:30:00Z;2023-05-06T18:00:00Z;2023-05-06T18:30:00Z;2023-05-06T19:00:00Z;2023-05-06T19:30:00Z;2023-05-06T20:00:00Z;2023-05-06T20:30:00Z;2023-05-06T21:00:00Z;2023-05-06T21:30:00Z
0;0;6,7;6,7;6,7;6,7;6,7;6,7;0;0;0;0
;;40000051005712;40000051005713;40000051005714;40000051005715;40000051005716;40000051005717;;;;
Portfolio;CENTRAD;SU_403030;30;EUR
Linear order;CENIPAC01API
2023-05-06T16:00:00Z;2023-05-06T16:30:00Z;2023-05-06T17:00:00Z;2023-05-06T17:30:00Z;2023-05-06T18:00:00Z;2023-05-06T18:30:00Z;2023-05-06T19:00:00Z;2023-05-06T19:30:00Z;2023-05-06T20:00:00Z;2023-05-06T20:30:00Z;2023-05-06T21:00:00Z;2023-05-06T21:30:00Z
0;0;6,7;6,7;6,7;6,7;6,7;6,7;0;0;0;0
;;40000051005724;40000051005725;40000051005726;40000051005727;40000051005728;40000051005729;;;;
Portfolio;CENTRAD;SU_403040;30;EUR
Linear order;CENIPAC01API
2023-05-06T16:00:00Z;2023-05-06T16:30:00Z;2023-05-06T17:00:00Z;2023-05-06T17:30:00Z;2023-05-06T18:00:00Z;2023-05-06T18:30:00Z;2023-05-06T19:00:00Z;2023-05-06T19:30:00Z;2023-05-06T20:00:00Z;2023-05-06T20:30:00Z;2023-05-06T21:00:00Z;2023-05-06T21:30:00Z
0;0;3,3;3,3;3,3;3,3;3,3;3,3;0;0;0;0
;;40000051005736;40000051005737;40000051005738;40000051005739;40000051005740;40000051005741;;;;
Portfolio;CENTRAD;SU_403050;30;EUR
Linear order;CENIPAC01API
2023-05-06T16:00:00Z;2023-05-06T16:30:00Z;2023-05-06T17:00:00Z;2023-05-06T17:30:00Z;2023-05-06T18:00:00Z;2023-05-06T18:30:00Z;2023-05-06T19:00:00Z;2023-05-06T19:30:00Z;2023-05-06T20:00:00Z;2023-05-06T20:30:00Z;2023-05-06T21:00:00Z;2023-05-06T21:30:00Z
0;0;4,4;4,4;4,4;4,4;4,4;4,4;0;0;0;0
;;40000051005748;40000051005749;40000051005750;40000051005751;40000051005752;40000051005753;;;;
